{"PSNR Score": 46.42423404426215, "SSIM Score": 73.37609666677116, "LPIPS Score": 73.32155938462677, "Compression Ratio Score": 76.8131684151413, "Inference Time Score": 94.5057315826416, "Score": 39.19458792520751}