{"PSNR Score": 56.27131087450863, "SSIM Score": 81.7085191523465, "LPIPS Score": 81.52034130770322, "Compression Ratio Score": 84.01040274755469, "Inference Time Score": 97.96890221701727, "Score": 42.47242444879145}